<?xml version="1.0" encoding="UTF-8"?>
<!DOCTYPE mapper PUBLIC "-//mybatis.org//DTD Mapper 3.0//EN" "http://mybatis.org/dtd/mybatis-3-mapper.dtd">
<mapper namespace="restaurants.mybatis.dao.CustomerMapper">
  <resultMap id="BaseResultMap" type="restaurants.mybatis.model.Customer">
    <!--
      WARNING - @mbg.generated
      This element is automatically generated by MyBatis Generator, do not modify.
      This element was generated on Tue Apr 20 18:53:15 EEST 2021.
    -->
    <id column="ID" jdbcType="INTEGER" property="id" />
    <result column="NAME" jdbcType="VARCHAR" property="name" />
  </resultMap>

  <resultMap id="CustomerResultMap" type="restaurants.mybatis.model.Customer">
    <!--
      WARNING - @mbg.generated
      This element is automatically generated by MyBatis Generator, do not modify.
      This element was generated on Tue Apr 20 18:53:15 EEST 2021.
    -->
    <id column="ID" jdbcType="INTEGER" property="id" />
    <result column="NAME" jdbcType="VARCHAR" property="name" />
    <collection javaType="ArrayList" property="restaurants" resultMap="RestaurantResultMap" />
  </resultMap>

  <select id="getRestaurants" resultMap="CustomerResultMap">
    SELECT
      c.id AS id, c.name AS name
    FROM restaurant AS  r
           LEFT JOIN customer_restaurant AS rc ON r.id = rc.restaurant_id
           LEFT JOIN customer AS c ON c.id = cr.customer_id
    WHERE 1=1
      AND r.id = #{restaurant_id,jdbcType=INTEGER}
  </select>

  <delete id="deleteByPrimaryKey" parameterType="java.lang.Integer">
    <!--
      WARNING - @mbg.generated
      This element is automatically generated by MyBatis Generator, do not modify.
      This element was generated on Tue Apr 20 18:53:15 EEST 2021.
    -->
    delete from PUBLIC.CUSTOMER
    where ID = #{id,jdbcType=INTEGER}
  </delete>
  <insert id="insert" keyColumn="ID" keyProperty="id" parameterType="restaurants.mybatis.model.Customer" useGeneratedKeys="true">
    <!--
      WARNING - @mbg.generated
      This element is automatically generated by MyBatis Generator, do not modify.
      This element was generated on Tue Apr 20 18:53:15 EEST 2021.
    -->
    insert into PUBLIC.CUSTOMER (NAME)
    values (#{name,jdbcType=VARCHAR})
  </insert>
  <update id="updateByPrimaryKey" parameterType="restaurants.mybatis.model.Customer">
    <!--
      WARNING - @mbg.generated
      This element is automatically generated by MyBatis Generator, do not modify.
      This element was generated on Tue Apr 20 18:53:15 EEST 2021.
    -->
    update PUBLIC.CUSTOMER
    set NAME = #{name,jdbcType=VARCHAR}
    where ID = #{id,jdbcType=INTEGER}
  </update>
  <select id="selectByPrimaryKey" parameterType="java.lang.Integer" resultMap="BaseResultMap">
    <!--
      WARNING - @mbg.generated
      This element is automatically generated by MyBatis Generator, do not modify.
      This element was generated on Tue Apr 20 18:53:15 EEST 2021.
    -->
    select ID, NAME
    from PUBLIC.CUSTOMER
    where ID = #{id,jdbcType=INTEGER}
  </select>
  <select id="selectAll" resultMap="BaseResultMap">
    <!--
      WARNING - @mbg.generated
      This element is automatically generated by MyBatis Generator, do not modify.
      This element was generated on Tue Apr 20 18:53:15 EEST 2021.
    -->
    select ID, NAME
    from PUBLIC.CUSTOMER
  </select>
</mapper>