<?xml version="1.0" encoding="UTF-8"?>
<!DOCTYPE mapper PUBLIC "-//mybatis.org//DTD Mapper 3.0//EN" "http://mybatis.org/dtd/mybatis-3-mapper.dtd">
<mapper namespace="restaurants.mybatis.dao.EmployeeMapper">
  <resultMap id="BaseResultMap" type="restaurants.mybatis.model.Employee">
    <!--
      WARNING - @mbg.generated
      This element is automatically generated by MyBatis Generator, do not modify.
      This element was generated on Sun Apr 18 13:41:58 EEST 2021.
    -->
    <id column="ID" jdbcType="INTEGER" property="id" />
    <result column="NAME" jdbcType="VARCHAR" property="name" />
    <result column="RESTAURANT_ID" jdbcType="INTEGER" property="restaurantId" />
  </resultMap>
  <delete id="deleteByPrimaryKey" parameterType="java.lang.Integer">
    <!--
      WARNING - @mbg.generated
      This element is automatically generated by MyBatis Generator, do not modify.
      This element was generated on Sun Apr 18 13:41:58 EEST 2021.
    -->
    delete from PUBLIC.EMPLOYEE
    where ID = #{id,jdbcType=INTEGER}
  </delete>
  <insert id="insert" keyColumn="ID" keyProperty="id" parameterType="restaurants.mybatis.model.Employee" useGeneratedKeys="true">
    <!--
      WARNING - @mbg.generated
      This element is automatically generated by MyBatis Generator, do not modify.
      This element was generated on Sun Apr 18 13:41:58 EEST 2021.
    -->
    insert into PUBLIC.EMPLOYEE (NAME, RESTAURANT_ID)
    values (#{name,jdbcType=VARCHAR}, #{restaurantId,jdbcType=INTEGER})
  </insert>
  <update id="updateByPrimaryKey" parameterType="restaurants.mybatis.model.Employee">
    <!--
      WARNING - @mbg.generated
      This element is automatically generated by MyBatis Generator, do not modify.
      This element was generated on Sun Apr 18 13:41:58 EEST 2021.
    -->
    update PUBLIC.EMPLOYEE
    set NAME = #{name,jdbcType=VARCHAR},
      RESTAURANT_ID = #{restaurantId,jdbcType=INTEGER}
    where ID = #{id,jdbcType=INTEGER}
  </update>
  <select id="selectByPrimaryKey" parameterType="java.lang.Integer" resultMap="BaseResultMap">
    <!--
      WARNING - @mbg.generated
      This element is automatically generated by MyBatis Generator, do not modify.
      This element was generated on Sun Apr 18 13:41:58 EEST 2021.
    -->
    select ID, NAME, RESTAURANT_ID
    from PUBLIC.EMPLOYEE
    where ID = #{id,jdbcType=INTEGER}
  </select>
  <select id="selectAll" resultMap="BaseResultMap">
    <!--
      WARNING - @mbg.generated
      This element is automatically generated by MyBatis Generator, do not modify.
      This element was generated on Sun Apr 18 13:41:58 EEST 2021.
    -->
    select ID, NAME, RESTAURANT_ID
    from PUBLIC.EMPLOYEE
  </select>
</mapper>