<?xml version="1.0" encoding="UTF-8"?>
<!DOCTYPE mapper PUBLIC "-//mybatis.org//DTD Mapper 3.0//EN" "http://mybatis.org/dtd/mybatis-3-mapper.dtd">
<mapper namespace="restaurants.mybatis.dao.RestaurantMapper">
  <resultMap id="BaseResultMap" type="restaurants.mybatis.model.Restaurant">
    <!--
      WARNING - @mbg.generated
      This element is automatically generated by MyBatis Generator, do not modify.
      This element was generated on Sun Apr 18 13:41:58 EEST 2021.
    -->
    <id column="ID" jdbcType="INTEGER" property="id" />
    <result column="NAME" jdbcType="VARCHAR" property="name" />
  </resultMap>

  <resultMap id="RestaurantResultMap" type="restaurants.mybatis.model.Restaurant">
    <!--
      WARNING - @mbg.generated
      This element is automatically generated by MyBatis Generator, do not modify.
      This element was generated on Sun Apr 18 13:41:58 EEST 2021.
    -->
    <id column="ID" jdbcType="INTEGER" property="id" />
    <result column="NAME" jdbcType="VARCHAR" property="name" />
    <collection javaType="ArrayList" property="customers" resultMap="CustomerResultMap" />
  </resultMap>

  <select id="getCustomers" resultMap="RestaurantResultMap">
    SELECT
      r.id AS id, r.name AS name
    FROM customer AS  c
           LEFT JOIN customer_restaurant AS cr ON c.id = cr.customer_id
           LEFT JOIN restaurant AS r ON r.id = cr.restaurant_id
    WHERE 1=1
      AND c.id = #{customer_id,jdbcType=INTEGER}
  </select>

  <delete id="deleteByPrimaryKey" parameterType="java.lang.Integer">
    <!--
      WARNING - @mbg.generated
      This element is automatically generated by MyBatis Generator, do not modify.
      This element was generated on Sun Apr 18 13:41:58 EEST 2021.
    -->
    delete from PUBLIC.RESTAURANT
    where ID = #{id,jdbcType=INTEGER}
  </delete>
  <insert id="insert" keyColumn="ID" keyProperty="id" parameterType="restaurants.mybatis.model.Restaurant" useGeneratedKeys="true">
    <!--
      WARNING - @mbg.generated
      This element is automatically generated by MyBatis Generator, do not modify.
      This element was generated on Sun Apr 18 13:41:58 EEST 2021.
    -->
    insert into PUBLIC.RESTAURANT (NAME)
    values (#{name,jdbcType=VARCHAR})
  </insert>
  <update id="updateByPrimaryKey" parameterType="restaurants.mybatis.model.Restaurant">
    <!--
      WARNING - @mbg.generated
      This element is automatically generated by MyBatis Generator, do not modify.
      This element was generated on Sun Apr 18 13:41:58 EEST 2021.
    -->
    update PUBLIC.RESTAURANT
    set NAME = #{name,jdbcType=VARCHAR}
    where ID = #{id,jdbcType=INTEGER}
  </update>
  <select id="selectByPrimaryKey" parameterType="java.lang.Integer" resultMap="BaseResultMap">
    <!--
      WARNING - @mbg.generated
      This element is automatically generated by MyBatis Generator, do not modify.
      This element was generated on Sun Apr 18 13:41:58 EEST 2021.
    -->
    select ID, NAME
    from PUBLIC.RESTAURANT
    where ID = #{id,jdbcType=INTEGER}
  </select>
  <select id="selectAll" resultMap="BaseResultMap">
    <!--
      WARNING - @mbg.generated
      This element is automatically generated by MyBatis Generator, do not modify.
      This element was generated on Sun Apr 18 13:41:58 EEST 2021.
    -->
    select ID, NAME
    from PUBLIC.RESTAURANT
  </select>
</mapper>