<?xml version="1.0" encoding="UTF-8"?>
<!DOCTYPE generatorConfiguration
        PUBLIC "-//mybatis.org//DTD MyBatis Generator Configuration 1.0//EN"
        "http://mybatis.org/dtd/mybatis-generator-config_1_0.dtd">

<generatorConfiguration>
    <context id="RestaurantDB" targetRuntime="MyBatis3Simple">
        <jdbcConnection driverClass="org.h2.Driver"
                        connectionURL="jdbc:h2:~/h2database/RestaurantDB;AUTO_SERVER=TRUE"
                        userId="sa"
                        password="sa">
        </jdbcConnection>

        <javaModelGenerator targetPackage="restaurants.mybatis.model" targetProject="MAVEN" />

        <sqlMapGenerator targetPackage="restaurants.common.mybatis.xml" targetProject="MAVEN" />
        <javaClientGenerator type="XMLMAPPER" targetPackage="restaurants.mybatis.dao" targetProject="MAVEN" />


        <table schema="public" tableName="restaurant">
            <generatedKey column="id" identity="true" sqlStatement="JDBC" />
        </table>
        <table schema="public" tableName="employee">
            <generatedKey column="id" identity="true" sqlStatement="JDBC" />
        </table>
        <table schema="public" tableName="customer">
            <generatedKey column="id" identity="true" sqlStatement="JDBC" />
        </table>
    </context>
</generatorConfiguration>