<?xml version="1.0" encoding="UTF-8" ?>
<!DOCTYPE configuration
        PUBLIC "-//mybatis.org//DTD Config 3.0//EN"
        "http://mybatis.org/dtd/mybatis-3-config.dtd">
<configuration>
    <typeAliases>
        <typeAlias type="restaurants.mybatis.model.Restaurant" alias="Restaurant"/>
        <typeAlias type="restaurants.mybatis.model.Employee" alias="Employee"/>
        <typeAlias type="restaurants.mybatis.model.Customer" alias="Customer"/>
    </typeAliases>
    <environments default="development">
        <environment id="development">
            <transactionManager type="MANAGED"/>
            <dataSource type="JNDI">
                <property name="data_source" value="RestaurantDataSource"/>
            </dataSource>
        </environment>
    </environments>
    <mappers>
        <mapper resource="mybatis/RestaurantMapper.xml"/>
        <mapper resource="mybatis/EmployeeMapper.xml"/>
        <mapper resource="mybatis/CustomerMapper.xml"/>
    </mappers>
</configuration>